;;;;;;;;;;;;;;;;;;;Test Design technique;;;;;;;;;;;;;;;;;;;;;;;;;Testing Practice;;;;;;;;;;;;Testing level;;;;;;Testing Type;;;;;;;;;;;;;;;;;;;
Country;Geographic Area;University;Degree Name;Degree Level;Link to degree page;Course Name;Course Year;Link;Scientific Field;#EC;Type;#Hours;Theory Hours;Lab Hours;Focus on Testing;Assessment Methods;Language;Reference Books;Specification Based; Equivalence Partitioning; Classification tree method; Boundary value analysis; Syntax testing; Combinatorial testing; Decision table testing; Cause-effect graphing; State transition testing; Scenario testing; Use case testing; Random testing; Metamorphic testing; Requirements-based testing; Structure Based; Statement testing; Branch testing; Decision testing; Branch condition testing; Branch condition combination testing;MC/DC testing; Data flow testing; Experience Based; Error guessing;Other;Model-based testing; Scripted testing; Exploratory testing; Experience-based testing; Manual testing;A/B testing; Back-to-back testing; Mathematical-based testing; Fuzz testing; Keyword-driven testing; Automated testing;Other;Unit testing; Integration testing; System testing; System integration testing; Acceptance testing; Other;Functional testing; Accessibility testing; Compatibility testing; Conversion testing;Disaster recover testing; Installability testing; Interoperability testing; Localization testing; Maintainability testing; Performance related testing; Portability testing; Procedure testing; Reliability testing; Security testing; Usability testing; Other;;;;
;EU/America/Asia/Other;;;Bachelor/Laurea/Other;;;;;CS/CE/other;;Theory/Lab/Both;;;;ST /NST;Open questions/Closed questions/Exercises/Homeworks/Project/Discussion;;;;;;;;;;;;;;;;;;;;;;;;;;;;;;;;;;;;;;;;;;;;;;;;;;;;;;;;;;;;;;;;;
Belgium;EU;UAntwerpen;Master of Computer Science: Software Engineering;Master;https://www.uantwerpen.be/en/study/programmes/all-programmes/master-software-engineering/study-programme/;Software testing;1;https://ansymore.uantwerpen.be/courses/software-testing;CS;6;Both;45;6;16;ST;Open questions,Project;English;Software Testing: A Craftsman’s Approach, Fourth Edition 4th Edition by Paul C. Jorgensen & Practical Test Design: Selection of traditional and automated test design techniques by István Forgács, Attila Kovács;X;;;;;;;;;;;;;;X;;;;;;;;;;;;;;;;;;;;;;;;;;;;;;;;;;;;;;;;;;;;;;;;
Italy;EU;Milano Bicocca unimib;Computer Science;Master;https://elearning.unimib.it/course/index.php?categoryid=8961;Software Quality;1;https://elearning.unimib.it/course/info.php?id=44607;CS;6;Both ;52;N/A;N/A;ST;Written Exercises,Discussion;English;Mauro Pezzè and Michal Young, Software Testing and Analysis, process, principle and techniques, John Wiley 2007;X;X;;;X;;X;;X;;;X;;;X;X;X;X;X;X;;X;;;x;X;;;;;;;;;;;;X;X;X;X;X;;X;;;;;;;;;;;;;;;;;;;
Italy;EU;Napoli unina;ComputerEngineering;Master;https://www.ingegneria-informatica.unina.it/index.php/it/corsi-di-laurea/laurea-magistrale-m63/insegnamenti-m63/2-non-categorizzato/297-insegnamenti-m63-2223;Software Testing;1;https://www.ingegneria-informatica.unina.it/index.php/it/corsi-di-laurea/laurea-magistrale-m63/insegnamenti-m63/15-insegnamenti-lm/322-soft-test;CE;6;Both;48;36;12;ST;Project,Discussion;English;Ammann and Offutt, Introduction to Software Testing;X;X;;X;;X;X;X;;;;X;;X;X;X;X;X;X;X;X;;X;;;X;X;X;X;X;;;;X;;X;;X;X;X;;X;;X;;;;;;;;;;;;;;;;;;;
Italy;EU;Firenze unifi;Computer Science;Master;https://www.informaticamagistrale.unifi.it/vp-95-insegnamenti.html;Advanced Programming Techniques;1;https://www.informaticamagistrale.unifi.it/p-ins2-2022-632203-1.html;CS;6;Both;48;N/A;N/A;ST;Homework,Discussion;English;N/A;;;;;;;;;;;;;;;;;;;;;;;;;;;;;;;;;;;;X;x;X;;X;;;;X;;;;;;;;;;;;;;;;;;;
Portugal;EU;University of Porto ;"Master in Software Engineering
Master in Informatics and Computing Engineering ";Master;"https://sigarra.up.pt/feup/en/CUR_GERAL.CUR_VIEW?pv_ano_lectivo=2023&pv_origem=CUR&pv_tipo_cur_sigla=M&pv_curso_id=10861
https://sigarra.up.pt/feup/en/CUR_GERAL.CUR_VIEW?pv_ano_lectivo=2023&pv_origem=CUR&pv_tipo_cur_sigla=M&pv_curso_id=22862
";Software Testing, Verification and Validation;2;"https://sigarra.up.pt/feup/en/ucurr_geral.ficha_uc_view?pv_ocorrencia_id=518488
https://sigarra.up.pt/feup/en/UCURR_GERAL.FICHA_UC_VIEW?pv_ocorrencia_id=518845
";CE;6;Both;42;19,5;19,5;ST;"Exercises,
Project,Open questions";English;"Aditya P. Mathur; Foundations of Software Testing, 2013. ISBN: 9789332517660
Maurício Aniche; Effective software testing, 2022. ISBN: 978-1-633-43993-1
Paul Ammann; Introduction to software testing. ISBN: 978-1-107-17201-2
Mark Utting; Practical Model-Based Testing, 2007. ISBN: 978-0-12-372501-1
Paul C. Jorgensen; Software Testing A Craftsman's Approach, 2013. ISBN: 978-1-466-56069-7
Dorothy Graham, Rex Black, Erik van Veenendaal; Foundations of Software Testing: ISTQB Certification, 2020. ISBN: 978-1-473-76479-8
Ilene Burnstein; Practical Software Testing, 2003. ISBN: 978-0-387-95131-7
Gordon Fraser and José Miguel Rojas; Software Testing, 2019. ISBN: 978-3-030-00262-6
Tomek Kaczanowski; Bad Tests, Good Tests, 2013. ISBN: 978-8-393-84713-6
Kent Beck; Test Driven Development: By Example, 2002. ISBN: 978-0-321-14653-3
Petar Tahchiev, Felipe Leme, Vincent Massol, and Gary Gregory; JUnit 4.8 In Action, 2010. ISBN: 978-1-935-18202-3
Chak Shun Yu, Christoph Treude, Maurício Aniche; Comprehending Test Code: An Empirical Study, 2019. ISBN: 978-1-7281-3095-8
Michal Young and Mauro Pezzè; Software testing and analysis: process, principles, and techniques, 2008. ISBN: 978-0-471-45593-6";x;x;;x;;x;x;x;x;;;x;;;x;x;x;x;x;x;x;x;;;x;x;x;;;x;;;;;;x;;x;x;x;x;x;;x;;;;;;;;;;;;;;;x;;;;
Portugal;EU;Instituto Superior Técnico, University of Lisbon;Master in Computer Science and Engineering;Master;https://fenix.tecnico.ulisboa.pt/cursos/meic-a;Software Testing and Validation;1;https://fenix.tecnico.ulisboa.pt/cursos/meic-a/disciplina-curricular/564478961778811;CE;6;Both ;49;28;21;ST;Open questions,Project ;English;"Recommended Bibliography
Software Testing: A Craftsman's Approach, 4th edition.  : Paul Jorgensen 2013 Auerbach Publications
Testing Object-Oriented Systems: Models, Patterns, and Tools";x;x;;x;;;x;;x;;;x;;;x;x;x;x;x;x;x;x;;;x;;;;;;;;;;;x;;x;x;x;;;;;;;;;;;;;x;;;;x;;x;;;;
Portugal;EU;University of Coimbra;Master in Informatics Engineering;Master;https://apps.uc.pt/courses/EN/programme/5041/2022-2023?id_branch=20326;Software Quality and Dependability;1;https://apps.uc.pt/courses/EN/unit/79302/20326/2023-2024?type=ram&id=5041;CE;6;Both ;N/A;N/A;N/A;ST;Open questions,Project;"English
Portuguese";- Paul Ammann and Jeff Offutt, ―Introduction to Software Testing‖, Cambridge University Press, 2008. - Mordechai Ben-Ari, ―Principles of the Spin Model Checker‖, Springer, 2008. - Stephen H. Kan, ―Metrics and Models in Software Quality Engineering‖, Addison-Wesley Professional, 2003. - Mordechai Ben-Menachem, Garry S. Marliss, ―Software Quality: Producing Practical, Consistent Software‖, International Thomson Computer Press, 1997.;X;;;;;;;;;;;;;;X;;;;;;;;;;;X;;;;;;;;;;;;X;X;X;;;;;;;;;;;;;;;;;;;;;;;
Portugal;EU ;University of Coimbra;Master in Software Engineering;Master;https://apps.uc.pt/courses/EN/course/10162/2023-2024;Analysis of Software Artifacts;1;https://apps.uc.pt/courses/EN/unit/89048/22524/2023-2024?common_core=true&type=ram&id=10162;CE;6;Both;N/A;N/A;N/A;ST;Project,Discussion;"English
Portuguese";"Design Patterns Explained;

Buechner, Test Case Design Using the Classification Tree

Method; Conrad, A Systematic Approach to Testing Automotive Control Software.";x;X;;X;;X;;;;;;;;;X;;;;;;;X;;;x;;;;;;;;X;;;;;;;;;;;;;;;;;;;;;;;;;;;;;;
Portugal;EU ;University of Coimbra;Masters in Informatics Security;Master;https://apps.uc.pt/courses/EN/programme/7281/2023-2024?id_branch=18601#branch-18601;Design and Development of Secure Software;1;https://apps.uc.pt/courses/EN/unit/85443/18601/2023-2024?common_core=true&type=ram&id=7281;CE;6;Both;N/A;N/A;N/A;NSt;Project,Discussion;"Portuguese
English";;;;;;;;;;;;;;;;;;;;;;;;;;;;;;;;;;;;;;;;;;;;;;;;;;;;;;;;;;X;;;;;;
Spain;EU;UPV;Computer science;Master;http://www.upv.es/titulaciones/MUITSS/indexc.html;Software testing;2;http://www.upv.es/titulaciones/MUITSS/menu_1013904c.html;CS;2;both;20;10;10;ST;Project;Spanish;Structured software testing. T. Vos and  N. van Vugt-Hage;X;x;x;x;;x;x;;x;;;;;;;;;;;;;;;;;x;;x;;x;;;;;;;;;;;;;x;;;;;;;;;;;;;;;;;;;;
Spain;EU;Universidad Politécnica de Madrid;Computer Science;Master;https://muss.fi.upm.es/index.php;Software validation and verification;1;https://muss.fi.upm.es/asigVVS.php;CS;4;both;40;32;8;ST;Open Questions,Written Exercises;English;"B. Beizer: ""Software Testing Techniques"", 2ª Edición. 1990.
G. J. Myers: ""The Art of Software Testing"", 2ª Edición. Wiley. 2004.
P. C. Jorgensen: ""Software Testing. A Craftsman’s Approach"". CRC Press, 1995.
C. Kaner, J. Falk, H. Q. Nguyen: ""Testing Computer Software"". Wiley, 1999.
W. E. Perry: ""Effective methods for software testing"". 3ª edición. Wiley. 2006.";;;;;;;;;;;;;;;;;;;;;;;;;;;;;;;;;;;;x;;;;;;;x;;;;;;;;;;;;;;;;;;;;
Portugal;EU;Universidade de Aveiro;1st cycle degree in Informatics Engineering;Bachelor;https://www.ua.pt/en/course/383;Software Testing and Quality Control;3;https://www.ua.pt/en/uc/8109;CS;6;Both;45;15;30;ST;Open questions,Project ;Portuguese/English;"P. Farrell-Vinay, Manage Software Testing: Taylor & Francis, 2008. [Livro eletrónico, só para a rede da UA]
J. Humble and D. Farley, Continuous Delivery: Reliable Software Releases through Build, Test, and Deployment Automation: Pearson Education, 2010.
S. Naik and P. Tripathy, Software Testing and Quality Assurance: Theory and Practice, Wiley, 2008. 
J. Bloch, Effective Java, 2nd ed.: Addison-Wesley Professional, 2008.
R. Martin, Clean Code: A Handbook of Agile Software Craftsmanship. Prentice Hall; 2008.
R. Pressman and B. Maxim, Software Engineering: A Practitioner’s Approach, 8th ed. McGraw-Hill Science/Engineering/Math, 2014.";;;;;;;;;;;;;;;x;;;;;;;;;;;;;;;;;;;;;X;;X;X;X;;;;;;;;;;;;;X;;;;;;;;;;
Spain;EU;Univ Oviedo;Computer science;Bachelor;https://www.uniovi.es/-/grado-en-ingenieria-informatica-en-tecnologias-de-la-informacion-2014;Software Quality, Validation and Verification;4;https://www.uniovi.es/estudia/grados/ingenieria/informaticasoftware/-/fof/asignatura/GIISOF01-4-003;CS;6;both;60;32;28;ST;Project,Discussion;Spanish;"Glenford J. Myers. The Art of Software Testing. Wiley (1979, 2004, 2011)
ISO/IEC/IEEE 29119-1:2015 Software and systems engineering — Software testing — Part 3: Test Techniques (2015)
Lisa Crispin, Janet Gregory. Agile Testing: A Practical Guide for Testers and Agile Teams. Addison-Wesley (2008)
Erik Van Veenendaal, Dorothy Graham, Rex Black. Foundations of Software Testing: ISTQB Certification. Cengage Learning (2019)";x;;;;;;;;;;;;;;x;;;;;;;;;;;;;;;;;;;;;x;;;;;;;x;;;;;;;;;;;;;;;;x;;;;
Italy;EU;Torino unito;Computer Science;Master;http://magistrale.educ.di.unito.it/index.php/offerta-formativa/insegnamenti/elenco-completo/elenco-completo?anno=2022;Istituzioni di Sviluppo Software;1;https://magistrale.informatica.unito.it/do/corsi.pl/Show?_id=lftb;CS;6;Both;56;16;40;NSt;Discussion;Italian;;X;;;;;;;;;;;;;;;;;;;;;;;;;;;;;;;;;;;;;;;;;;;X;;;;;;;;;;;;;;;;;;;
Portugal;EU;University of Porto ;Master in Software Engineering;Master;https://sigarra.up.pt/feup/en/cur_geral.cur_view?pv_curso_id=10861&pv_ano_lectivo=2022;Software Engineering Laboratory;1;https://sigarra.up.pt/feup/en/ucurr_geral.ficha_uc_view?pv_ocorrencia_id=518489;CE;6;Both ;42;14;28;NSt;Project;English;;;;;;;;;;;;;;;;;;;;;;;;;;;;;;;;;;;;;;x;x;;;;x;;;;;;;;;;;;;;;;;;;;;
Portugal;EU;Universidade do Minho;Bachelor in Informatics Engineering;Bachelor;https://web.di.uminho.pt/sitedi/enginf/;Informatics Laboratories I;1;https://www4.di.uminho.pt/~jno/sitedi/uc_J301N6.html;CE;5;Lab;30;N/A;30;NSt;Project;N/A;;;;;;;;;;;;;;;;;;;;;;;;;;;;;;;;;;;;;;;X;;;;;;;;;;;;;;;;;;;;;;;;;
Portugal;EU;Universidade do Minho;Bachelor in Informatics Engineering;Bachelor;https://web.di.uminho.pt/sitedi/enginf/;Object Oriented Programming;2;https://www4.di.uminho.pt/~jno/sitedi/uc_J304N2.html;CE;5;Both ;60;30;30;NSt;Open questions,Project ;NA;;;;;;;;;;;;;;;;;;;;;;;;;;;;;;;;;;;;;;;X;;;;;;;;;;;;;;;;;;;;;;;;;
Portugal;EU;Universidade do Minho;Bachelor in Informatics Engineering;Bachelor;https://web.di.uminho.pt/sitedi/enginf/;Software Systems Development;3;https://www4.di.uminho.pt/~jno/sitedi/uc_J305N2.html;CE;5;Both ;60;30;30;NSt;Open questions,Project ;N/A;;;;;;;;;;;;;;;;;;;;;;;;;;;;;;;;;;;;;;;;;;;X;;;;;;;;;;;;;;;;;;;;;
Portugal;EU;Universidade do Minho;Masters in Informatics Engineering;Master;https://web.di.uminho.pt/sitedi/meinf/;Security Engineering;1;https://www4.di.uminho.pt/~jno/sitedi/uc_ME78ME7800006096.html;CE;5;Both ;45;15;30;NSt;Project,Discussion;English;;;;;;;;;;;;;;;;x;;;;;;;;;;;;;;;;;;;;;;;;;;;;;;;;;;;;;;;;;;X;;;;;;
Portugal;EU;Universidade do Minho;"Masters in Mathematics and Computation
Master in Informatics Engineering
";Master;"https://www.ecum.uminho.pt/pt/Ensino/Paginas/mestrados/Mestrado-em-Matematica-e-Computacao.aspx
https://www.uminho.pt/EN/education/educational-offer/_layouts/15/UMinho.PortalUM.UI/Pages/CatalogoCursoDetail.aspx?itemId=4711&catId=14";Security Technologies;1;https://www.ecum.uminho.pt/en/Ensino/Pages/masters/Master-Degree-in-Mathematics-and-Computation.aspx;CS;5;Both ;45;15;30;NSt;Project,Discussion;English;;;;;;;;;;;;;;;;;;;;;;;;;;;;;;;;;;;;;;;;;;;;;;;;;;;;;;;;;;X;;;;;;
Portugal;EU;Universidade do Minho;Masters in Information Systems;Master;https://www.uminho.pt/pt/ensino/oferta-educativa/_layouts/15/uminho.portalum.ui/pages/catalogocursodetail.aspx?itemid=3699&catid=11;Testing and Validation of Information Systems;1;https://www.uminho.pt/en/education/educational-offer/cursos-conferentes-a-grau/_layouts/15/uminho.portalum.ui/pages/catalogocursodetail.aspx?itemid=4359&catid=13;CE;5;Both ;30;N/A;N/A;ST;Project,Discussion;NA;"Essential bibliography
ISTQB. (2018). “Certified Tester Foundation Level Syllabus”. 

ISTQB (International International Software Testing Qualifications Board). (2015). “Standard glossary of terms used in Software Testing”. 

ISO/IEC/IEEE 29119-3: Test Documentation.

IEEE Computer Society (2014). Guide to the software engineering body of knowledge version 3.0. Retrieved from www.swebok.org .

Ordem dos Engenheiros, C. N. do C. de E. I. (2013). Actos de Engenharia Informática. 

Anderson, L. W. and Krathwohl, D. R. (eds) (2001) A Taxonomy for Learning, Teaching, and Assessing: A Revision of Bloom's Taxonomy of Educational Objectives, Allyn & Bacon.";X;;;;;;;;;;;;;;X;;;;;;;;X;;;;;;;;;;;;;;x;;;;;;x;;;;;;;;;;;;;;;;;;;;
Portugal;EU;Universidade do Minho;Masters in Engineering and Management of Information Systems;Master;https://www.uminho.pt/PT/ensino/oferta-educativa/Cursos-Conferentes-a-Grau/_layouts/15/UMinho.PortalUM.UI/Pages/CatalogoCursoDetail.aspx?itemId=4712&catId=14;Information Systems Security Engineering;1;https://www.uminho.pt/EN/education/educational-offer/Cursos-Conferentes-a-Grau/_layouts/15/UMinho.PortalUM.UI/Pages/CatalogoCursoDetail.aspx?itemId=4712&catId=14;CE;5;Both ;30;N/A;N/A;NSt;Exercises,Discussion;NA;;;;;;;;;;;;;;;;;;;;;;;;;;;;;;;;;;;;;;;;;;;;;;;;;;;;;;;;;;X;;;;;;
Portugal;EU;Universidade do Minho;Masters in Telecommunications and Informatics Engineering;Master;https://www.uminho.pt/PT/ensino/oferta-educativa/Cursos-Conferentes-a-Grau/_layouts/15/UMinho.PortalUM.UI/Pages/CatalogoCursoDetail.aspx?itemId=4721&catId=14;Cybersecurity;1;https://www.uminho.pt/PT/ensino/oferta-educativa/Cursos-Conferentes-a-Grau/_layouts/15/UMinho.PortalUM.UI/Pages/CatalogoCursoDetail.aspx?itemId=4721&catId=14;CE;5;Both ;45;15;30;NSt;Exercises,Discussion,Open Questions;NA;;;;;;;;;;;;;;;;;;;;;;;;;;;;;;;;;;;;;;;;;;;;;;;;;;;;;;;;;;x;;;;;;
Portugal;EU;ISCTE Instituto Universitário de Lisboa;"Computer Science Engineering
Computer Science and Business Management
Telecommunications and Computer Engineering ";Bachelor;"https://www.iscte-iul.pt/curso/3/licenciatura-engenharia-informatica/planoestudos
https://www.iscte-iul.pt/course/6/bachelor-bsc-in-computer-science-and-business-management/studyplan";Software Engineering;3;https://fenix.iscte-iul.pt/disciplinas/03712/2023-2024/2-semestre/fuc?locale=pt;CE;6;Both;54;18;36;NSt;Open questions,Project;Portuguese;;;;;;;;;;;;;;;;X;;;;;;;;;;;;;;;;;;;;;X;;X;;;;;;;;;;;;;;;;;;;;;;;;;
Portugal;EU ;ISCTE Instituto Universitário de Lisboa;Software and Applications Development;Bachelor;https://www.iscte-iul.pt/course/378/bachelor-bsc-in-software-and-applications-development;Agile Software Development;2;https://fenix.iscte-iul.pt/disciplinas/04124/2023-2024/1-semestre/fuc?locale=en_EN_ISCTE;CE;6;Lab;36;N/A;36;NSt;Exercises,Project;Portuguese;;;;;;;;;;;;;;;;x;;;;;;;;;;;;;;;;;;;;;;;X;X;;;;;X;;;;;;;;;X;;;;;;;;;;
Italy;EU;Roma Sapienza;Bachelor’s Degree in Computer and System Engineering;Bachelor;https://corsidilaurea.uniroma1.it/en/corso/2022/31810/cds;SOFTWARE DESIGN ;2;https://corsidilaurea.uniroma1.it/en/view-course-details/2020/29931/20200313105820/2c733758-4500-4495-adc3-0cd4ecb4e63f/6571e24f-3bd9-4ec0-a807-eb4b035869d9/db30f5ea-ca15-4af1-9b2e-7cd657d522ac/d9d177c0-4a2e-40a2-9f99-280747f94cce?guid_cv=6571e24f-3bd9-4ec0-a807-eb4b035869d9&current_erogata=2c733758-4500-4495-adc3-0cd4ecb4e63f;CE;9;Both;100;32;68;NSt;N/A;Italian;;;;;;;;;;;;;;;;;;;;;;;;;;;;X;;;;;;;;;;;X;;;;;;X;;;;;;;;;;;;;;;;;;;
Italy;EU;Torino Politecnico polito;Computer Engineering;Bachelor;https://didattica.polito.it/pls/portal30/sviluppo.offerta_formativa_2019.vis?p_a_acc=2023&p_sdu=37&p_cds=3;Object Oriented Programming;2;https://didattica.polito.it/pls/portal30/gap.pkg_guide.viewGap?p_cod_ins=09CBIOA&p_a_acc=2023&p_header=S&p_lang=&multi=N;CE;8;Both ;98;N/A;N/A;NSt;Open Questions;Italian;;;;;;;;;;;;;;;;;;;;;;;;;;;;;;;;;;;;;;;X;;;;;;;;;;;;;;;;;;;;;;;;;
Italy;EU;Torino Politecnico polito;Computer Engineering;Bachelor;https://didattica.polito.it/pls/portal30/sviluppo.offerta_formativa_2019.vis?p_a_acc=2023&p_sdu=37&p_cds=3;Object Oriented Programming;2;https://didattica.polito.it/pls/portal30/gap.pkg_guide.viewGap?p_cod_ins=09CBIOA&p_a_acc=2023&p_header=S&p_lang=&multi=N;CE;8;Both ;98;N/A;N/A;NSt;Open Questions;Italian;;;;;;;;;;;;;;;;;;;;;;;;;;;;;;;;;;;;;;;X;;;;;;;;;;;;;;;;;;;;;;;;;
Italy;EU;Torino Politecnico polito;Computer Engineering;Bachelor;https://didattica.polito.it/pls/portal30/sviluppo.offerta_formativa_2019.vis?p_a_acc=2023&p_sdu=37&p_cds=3;Object Oriented Programming;2;https://didattica.polito.it/pls/portal30/gap.pkg_guide.viewGap?p_cod_ins=04JEYOA&p_a_acc=2023&p_header=S&p_lang=&multi=N;CE;8;Both ;98;N/A;N/A;NSt;Open Questions;English;;;;;;;;;;;;;;;;;;;;;;;;;;;;;;;;;;;;;;;X;;;;;;;;;;;;;;;;;;;;;;;;;
Portugal;EU;Faculty of Sciences, University of Lisbon ;Bachelor Programme in Informatics Engineering;Bachelor;https://fenix.ciencias.ulisboa.pt/degrees/engenharia-informatica-564500436615278;Programming labs;1;https://fenix.ciencias.ulisboa.pt/degrees/engenharia-informatica-564500436615278/disciplina-curricular/564680825258165  ;CE;6;Lab;39;0;39;NSt;Exercises;N/A;;;;;;;;;;;;;;;;;;;;;;;;;;;;;;;;;;;;;;;x;;;;;;;;;;;;;;;;;;;;;;;;;
Portugal;EU;Instituto Superior Técnico, University of Lisbon;Undergraduate in Computer Science and Engineering;Bachelor;https://fenix.tecnico.ulisboa.pt/cursos/leic-a;Software Engineering ;3;https://fenix.tecnico.ulisboa.pt/cursos/leic-a/disciplina-curricular/845953938489555 ;CE;6;Both ;;N/A;N/A;NSt;Open questions,Project;N/A;;;;;;;;;;;;;;;;x;x;;;;;;;;;;;;;;;;;;;;x;x;x;x;x;;;;;;;;;;;;;x;;;;;;;;;;
Spain;EU ;Universitat Politecnica de Catalunya;Computer Science;Bachelor;https://www.fib.upc.edu/es/estudios/grados/grado-en-ingenieria-informatica;Software Architecture;3;https://www.fib.upc.edu/es/estudios/grados/grado-en-ingenieria-informatica/plan-de-estudios/asignaturas/AS;CS;6;both;60;30;30;NSt;Exercises,Discussion;Spanish;Test-driven development: by example - Beck, K, Addison-Wesley , 2003. ISBN: 0321146530 ;;;;;;;;;;;;;;;;;;;;;;;;;;;;;;;;;;;;;x;;;;;;;;;;;;;;;;;;;;;;;;;;
Spain;EU ;Universitat Politecnica de Catalunya;Computer Science;Bachelor;https://www.fib.upc.edu/es/estudios/grados/grado-en-ingenieria-informatica;Software Architecture;3;https://www.fib.upc.edu/es/estudios/grados/grado-en-ingenieria-informatica/plan-de-estudios/asignaturas/AS;CS;6;both;60;30;30;NSt;Exercises,Discussion;Spanish;Test-driven development: by example - Beck, K, Addison-Wesley , 2003. ISBN: 0321146530 ;;;;;;;;;;;;;;;;;;;;;;;;;;;;;;;;;;;;;x;;;;;;;;;;;;;;;;;;;;;;;;;;
Spain;EU ;Universitat Politecnica de Catalunya;Computer Science;Bachelor;https://www.fib.upc.edu/es/estudios/grados/grado-en-ingenieria-informatica;Software Architecture;3;https://www.fib.upc.edu/es/estudios/grados/grado-en-ingenieria-informatica/plan-de-estudios/asignaturas/AS;CS;6;both;60;30;30;NSt;Exercises,Discussion;Spanish;Test-driven development: by example - Beck, K, Addison-Wesley , 2003. ISBN: 0321146530 ;;;;;;;;;;;;;;;;;;;;;;;;;;;;;;;;;;;;;x;;;;;;;;;;;;;;;;;;;;;;;;;;
Italy;EU;Verona univr;Computer Science and Engineering;Master;https://www.corsi.univr.it/?ent=cs&id=417&menu=Home&lang=it;Software Engineering Fundamentals;1;https://www.corsi.univr.it/?ent=cs&aa=2022%2F2023&codiceCs=S71&codins=4S008899&discr=&discrCd=&id=417&menu=Studiare&tab=Insegnamenti&lang=it;CE;6;Both ;48;40;8;NSt;Homework,Project,Discussion;Italian;;X;;;;;;;;;;;;;;X;X;X;X;;;;;;;x;;;;;;;;;;;;;X;X;X;;;;X;;;;;;;;;;;;;;;;;;;
Italy;EU;Genova unige;Computer Science;Master;https://servizionline.unige.it/unige/stampa_manifesto/MF/2020/10852.html;Functional and Security Testing Techniques;1;https://corsi.unige.it/en/off.f/2020/ins/43801;CS;6;Both;48;N/A;N/A;NSt;Homework,Discussion;English;;X;;;;;;;;;;;;;;X;;;;;;;;;;;;;X;;X;;;;;;X;x;X;;X;;;x;X;;;;;;;;;;;;;X;;;;;;
Italy;EU;Genova unige;Computer Engineering;Master;https://servizionline.unige.it/unige/stampa_manifesto/MF/2021/11160.html;Software Engineering;1;https://corsi.unige.it/en/off.f/2021/ins/51469?codcla=11160;CE;9;Both;72;N/A;N/A;NSt;Homework,Discussion;English;;X;;;;;;;;;;;;;;X;X;;;;;;;;;;;;;;;;;;;;;;;;;;;;X;;;;;;;;;;;;;;;;;;;
Italy;EU;Milano polimi;Computer Engineering;Master;https://www.polimi.it/corsi/corsi-di-laurea-magistrale/M/2022-ing-ind-inf-magord-270-mi-481-computer-science-and-engineering-ingegneria-informatica;Software Engineering 2;1;https://www4.ceda.polimi.it/manifesti/manifesti/controller/ManifestoPublic.do?EVN_DETTAGLIO_RIGA_MANIFESTO=evento&aa=2022&k_cf=225&k_corso_la=481&k_indir=T2A&codDescr=054443&lang=IT&semestre=1&anno_corso=1&idItemOfferta=161169&idRiga=286941;CE;5;Both;50;30;20;NSt;Project,Open Questions,Discussion;English;;X;;;;;;;;;;;;;;;;;;;;;;;;;;;;;;;;;;;;;;;;;;;X;;;;;;;;;;;;;;;;;;;
Italy;EU;Torino Politecnico polito;Computer Engineering;Master;https://didattica.polito.it/pls/portal30/sviluppo.offerta_formativa_2019.vis?p_a_acc=2023&p_sdu=37&p_cds=18;Software Engineering;1;https://didattica.polito.it/pls/portal30/gap.pkg_guide.viewGap?p_cod_ins=05BIDOV&p_a_acc=2023&p_header=S&p_lang=&multi=N;CE;8;Both ;80;N/A;N/A;NSt;Open questions;Italian;;X;;;;;;;;;;;;;;X;;;;;;;;;;;;;;;;;;;;;;;?;;;;;;?;;;;;;;;;;;;;;;;;;;
Italy;EU;Napoli unina;Computer Science;Master;https://informatica.dieti.unina.it/index.php/it/laurea-magistrale/insegnamenti;Software Project Management and Evolution;1;https://informatica.dieti.unina.it/index.php/it/laurea-magistrale/insegnamenti/42-laurea-magistrale/insegnamenti-lm/76-software-project-management-and-evolution;CS;6;Both;48;N/A;N/A;NSt;Project,Discussion;Italian;;X;;;;;;;;;;;;;;X;X;X;X;;;;;;;;;;;;;;;;;;X;;;X;X;;X;;;;;;;;;;;;;;;;;;;;;
Italy;EU;Milano polimi;Computer Engineering;Master;https://www.polimi.it/corsi/corsi-di-laurea-magistrale/M/2022-ing-ind-inf-magord-270-mi-481-computer-science-and-engineering-ingegneria-informatica;Software Engineering 2;1;https://www4.ceda.polimi.it/manifesti/manifesti/controller/ManifestoPublic.do?EVN_DETTAGLIO_RIGA_MANIFESTO=evento&aa=2022&k_cf=225&k_corso_la=481&k_indir=T2A&codDescr=054443&lang=IT&semestre=1&anno_corso=1&idItemOfferta=161169&idRiga=286941;CE;5;Both;50;30;20;NSt;Project,Open Questions,Discussion;English;;X;;;;;;;;;;;;;;;;;;;;;;;;;;;;;;;;;;;;;;;;;;;X;;;;;;;;;;;;;;;;;;;
Italy;EU;Torino Politecnico polito;Computer Engineering;Master;https://didattica.polito.it/pls/portal30/sviluppo.offerta_formativa_2019.vis?p_a_acc=2023&p_sdu=37&p_cds=18;Software Engineering;1;https://didattica.polito.it/pls/portal30/gap.pkg_guide.viewGap?p_cod_ins=04GSPOV&p_a_acc=2023&p_header=S&p_lang=&multi=N;CE;8;Both ;80;68;12;NSt;Open questions;English;;X;;;;;;;;;;;;;X;;;;;;;;;;;;;;;;;;;;;;;;;;;;;;?;;;;;;;;;;;;;;;;;;;
Italy;EU;Salerno unisa;Computer Science;Master;https://corsi.unisa.it/informatica-magistrale/didattica/insegnamenti;Management and Evolution of Software Projects;1;https://docenti.unisa.it/003241/en/teaching?anno=2022&id=511226&cId=10000-2016&pId=N0*N0*S2;CE;9;Both ;72;N/A;N/A;NSt;Project,Discussion;Italian;;X;;;;;;;;;;;;;;X;;;;;;;;;;;;;;;;;;;;;;x;;;;;;;X;;;;;;;;;;;;;;;;;;;
Italy;EU;Milano polimi;Computer Engineering;Master;https://www.polimi.it/corsi/corsi-di-laurea-magistrale/M/2022-ing-ind-inf-magord-270-mi-481-computer-science-and-engineering-ingegneria-informatica;Software Engineering 2;1;https://www4.ceda.polimi.it/manifesti/manifesti/controller/ManifestoPublic.do?EVN_DETTAGLIO_RIGA_MANIFESTO=evento&aa=2022&k_cf=225&k_corso_la=481&k_indir=T2A&codDescr=054443&lang=IT&semestre=1&anno_corso=1&idItemOfferta=161169&idRiga=286941;CE;5;Both;50;30;20;NSt;Project,Open Questions,Discussion;English;;X;;;;;;;;;;;;;;;;;;;;;;;;;;;;;;;;;;;;;;;;;;;X;;;;;;;;;;;;;;;;;;;
Portugal;EU;University of Porto ;Master in Informatics and Computing Engineering;Master;https://sigarra.up.pt/feup/en/cur_geral.cur_view?pv_curso_id=22862&pv_ano_lectivo=2022;Secure Software Engineering;2;https://sigarra.up.pt/feup/en/UCURR_GERAL.FICHA_UC_VIEW?pv_ocorrencia_id=518837;CE;6;Both;39;19,5;19,5;NSt;Open questions,Project;English;;;;;;;;;;;;;;;;;;;;;;;;;;;;;;;;;;;;;;;;;;;;;;;;;;;;;;;;;;x;;;;;;
Portugal;EU;University of Porto ;Master in Software Engineering;Master;https://sigarra.up.pt/feup/en/cur_geral.cur_view?pv_curso_id=10861&pv_ano_lectivo=2022;Security in Software Engineering;1;https://sigarra.up.pt/feup/en/UCURR_GERAL.FICHA_UC_VIEW?pv_ocorrencia_id=499048;CE;6;Both ;42;21;21;NSt;Open questions,projects;English;;;;;;;;;;;;;;;;;;;;;;;;;;;;;;;;;;;;;;;;;;;;;;;;;;;;;;;;;;x;;;;;;
Portugal;EU;Universidade Nova de Lisboa;Master in Computer Science and Engineering;Master;https://guia.unl.pt/en/2021/fct/program/1059;Software Quality;1;https://guia.unl.pt/en/2019/fct/program/935/course/11170;CE;6;Both ;52;N/A;N/A;NSt;Open questions,project;NA;;X;;;;;;;;;;;;;x;x;;;;;;;;;;;;;;;x;;;;;;;;;;;;;;;;;;;;;;;;;;;;;;;;;
Spain;EU;UPV;Computer science;Master;https://www.inf.upv.es/www/etsinf/es/masteres-etsinf/;Audit, Quality and Management of Information Systems;1;http://www.upv.es/titulaciones/MUIINF/menu_1015399c.html;CS;6;both;60;45;15;NSt;Project,Discussion;Spanish;"Software testing : a craftman's approach (Jorgensen, Paul). Test-driven development by example. (Beck, Kent)
Managing the Testing Process [electronic resource] : Practical Tools and Techniques for Managing Hardware and Software Testing (Black, Rex.)
Introduction to software testing. (Ammann, Paul | Offutt, Jeff)
Test process improvement : a practical step-by-step guide to structured testing (Koomen, Tim)";;;;;;;;;;;;;;;;;;;;;;;;;;;x;;;;;;;;;;;x;;;;;;;;;;;;;;;;;;;;;;;;;
Spain;EU;UPV;Computer science;Master;https://www.inf.upv.es/www/etsinf/es/masteres-etsinf/;Audit, Quality and Management of Information Systems;1;http://www.upv.es/titulaciones/MUIINF/menu_1015399c.html;CS;6;both;60;45;15;NSt;Project,Discussion;Spanish;"Software testing : a craftman's approach (Jorgensen, Paul). Test-driven development by example. (Beck, Kent)
Managing the Testing Process [electronic resource] : Practical Tools and Techniques for Managing Hardware and Software Testing (Black, Rex.)
Introduction to software testing. (Ammann, Paul | Offutt, Jeff)
Test process improvement : a practical step-by-step guide to structured testing (Koomen, Tim)";;;;;;;;;;;;;;;;;;;;;;;;;;;x;;;;;;;;;;;x;;;;;;;;;;;;;;;;;;;;;;;;;
Spain;EU;Univ Oviedo;Computer science;Master;https://masterinformatica.uniovi.es/plan-de-estudios/;Quality of Product and Processes;1;https://sies.uniovi.es/ofe-pod-jsf/web/asignatura/infoAsignatura.faces;CS;4;both;30;14;16;NSt;Project,Discussion;Spanish;"Erik Van Veenendaal, Dorothy Graham, Rex Black. Foundations of Software Testing: ISTQB Certification. Cengage Learning (2019)
TMap® Next for result-driven testing, Tim Koomen, Leo van der Aalst, Bart Broekman, Michiel Vroon, Uitgeverij Tutein Nolthenius, Den Bosch. UTN Publishers (2006)
Lisa Crispin, Janet Gregory. Agile Testing: A Practical Guide for Testers and Agile Teams. Addison-Wesley (2008)
Janet Gregory, Lisa Crispin. More Agile Testing: Learning Journeys for the Whole Team Addison-Wesley (2014)
Tim Koomen, Martin Pol. Test Process Improvement, Addison Wesley (1999)";;;;;;;;;;;;;;;;;;;;;;;;;x;;;;;;;;;;;x;;x;;x;;;;;;;;;;;;;;;;;;;x;;;;
Spain;EU;Univeridad de Valencia;Computer Science;Master;https://www.uv.es/degree-data-science/en/after-degree/official-master-s-degree/uv-master-s-degrees-catalogue/master-s-degree-web-technology-cloud-computing-mobile-applications-1286031121666/Titulacio.html?id=1285990173804&p2=3-4;Software production methods;1;"https://www.uv.es/uvweb/college/en/undergraduate-studies/undergraduate-studies-/degree-programmes-offered-1285846094474.html?idA=44834&idT=2234;2023";CS;4;both;40;20;20;NSt;Project,Exercises;Spanish;Java Unit Testing with JUnit 5 : Test Driven Development with JUnit 5. Shekhar Gulati, Rahul Sharma, CA Berkeley, Apress, 2017. Test-driven development by example. Kent Beck, Addison-Wesley, 2003;;;;;;;;;;;;;;;;;;;;;;;;;;;;;;;;;;;;;x;x;x;x;;;;x;;;;;;;;;;;;;;;;;;;
Portugal;EU;Universidade de Aveiro;Master in Informatics Engineering;Master;https://www.ua.pt/pt/curso/417;Robust Software;1;https://www.ua.pt/en/uc/14838;CS;6;Both ;45;N/A;N/A;ST;Project,Closed questions;Portuguese/English;"Recommended bibliography
Merkow, M. S., & Raghavan, L. (2010). Secure and resilient software development. Auerbach Publications. ISBN 978-1439826966

Richardson, T., & Thies, C. N. (2013). Secure software design. Jones & Bartlett Publishers. ISBN 978-1449626327

Mead, N. R., & Woody, C. (2016). Cyber Security Engineering: A Practical Approach for Systems and Software Assurance. Addison-Wesley Professional. ISBN 978-0134189802.";;;;;;;;;;;;;;;;;;;;;;;;;;;;;;;;;;X;;;;;;;;;;;;;;;;;;;;;;;X;;;;;;
Portugal;EU;Universidade de Aveiro;Master in Informatics Engineering;Master;https://www.ua.pt/en/c/417/p;Analysis and Exploration of Vulnerabilities;1;https://www.ua.pt/en/uc/14821;CS;6;Both ;TP: 3H/week;N/A;N/A;NSt;Project,Discussion;Portuguese/English;;;;;;;;;;;;;;;;;;;;;;;;;;;;;;;;;;;;;;;;;;;;;;;;;;;;;;;;;;X;;;;;;
Portugal;EU;Universidade de Aveiro;1st cycle degree in Information Technologies;Bachelor;https://www.ua.pt/en/course/63;Software Engineering;2;https://www.ua.pt/en/uc/3714;CS;6;Both;60;N/A;N/A;NSt;Closed Questions,Project,Discussion;Portuguese/English;;;;;;;;;;;;;;;;;;;;;;;;;;;;;;;;;;;;;;;X;X;;;;;;;;;;;;;;;;;;;;;;;;
Portugal;EU;Universidade de Aveiro;"Master in Communication and Web Technologies
";Master;https://www.ua.pt/en/c/508/p;Digital Accessibility and Compliance;1;https://www.ua.pt/en/uc/15371;Communication Sciences and Technology;6;Both ;"T: 1H/week
TP: 2H/week";N/A;N/A;NSt;Projects,Discussion;Portuguese/English;;;;;;;;;;;;;;;;;;;;;;;;;;;;;;;;;;;;;;;;;;;;;;X;;;;;;;;;;;;;;;;;;
Portugal;EU ;Universidade de Aveiro;"Master in Applied Informatics
";Master;https://www.ua.pt/en/c/454/p;"Software Testing
";1;https://www.ua.pt/en/uc/14700;CS;6;Both ;45;N/A;N/A;ST;Project,Discussion;Portuguese/English;"Abbreviated bibliography
- Mathur, A. P. (2013). Foundations of software testing, (2nd ed.). Pearson Education India. ISBN: 9332517657 - Ammann, P., & Offutt, J. (2016). Introduction to Software Testing. Cambridge University Press. ISBN 0-52188-038-1
Recommended bibliography
- Burnstein, I. (2003). Practical software testing: A Process-Oriented Approach. Springer-Verlag New York. ISBN: 0-387-95131-8
- Mathur, A. P. (2013). Foundations of software testing, (2nd ed.). Pearson Education India. ISBN: 9332517657
- Farrell-Vinay, P. (2008). Manage Software Testing. CRC Press ISBN 142001384X.
-Ammann, P., & Offutt, J. (2016). Introduction to Software Testing. Cambridge University Press. ISBN 0-52188-038-1
-Beck K. (2003). Test Driven Development: By Example. Addison-Wesley, ISBN: 978-0321146533";X;X;;;X;;;;x;;;;;;X;;;;;;;;;;;;;;;;;;X;;;X;x;X;X;;;X;;;;;;;;;;;;;;;;;;;;;
Portugal;EU;Universidade de Aveiro;"Master in Applied Informatics
";Master;https://www.ua.pt/en/c/454/p;"Usability and User Experience
";1;https://www.ua.pt/en/uc/14701;CS;6;Lab;TP: 2H/week;N/A;N/A;NSt;Project,Discussion;Portuguese;;;;;;;;;;;;;;;;;;;;;;;;;;;;;;;;;;;;;;;;;;;;;;;;;;;;;;;;;;;X;;;;;
Belgium;EU;UGent;Bachelor of Science in Engineering Technology (Information Engineering Technology);Bachelor;https://studiekiezer.ugent.be/bachelor-of-science-in-engineering-technology-information-engineering-technology/programma/2024; Software Development & Operations;3;https://studiekiezer.ugent.be/studiefiche/en/E761041/2022;CS;3;Both;90;13;6;NSt;Project,Open Questions;Dutch;;;;;;;;;;;;;;;;;;;;;;;;;;;;;;;;;;;;;X;;X;X;;;;;X;;;;;;;;;X;;;;;;;;;;
Belgium;EU;UAntwerpen;Informatica;Bachelor;https://www.uantwerpen.be/nl/studeren/aanbod/alle-opleidingen/informatica-studeren/bachelor/studieprogramma/;Project software engineering ;1;http://ansymore.uantwerpen.be/courses/SE1BAC;CS;6;Both ;75;6;26;NSt;Open questions;Dutch;Using UML: Software Engineering with Objects and Components, P. Stevens, R. Pooley, Addison-Wesley, 1999.;;;;;;;;;;;;;;;;;;;;;;;;;;;;;;;;;;;;X;;X;;;;;;;;;;;;;;;;;;;;;;;;;
Belgium;EU;UAntwerpen;Informatica;Bachelor;https://www.uantwerpen.be/nl/studeren/aanbod/alle-opleidingen/informatica-studeren/bachelor/studieprogramma/;Software engineering;3;https://ansymore.uantwerpen.be/courses/software-engineering-3e-bac;CS;7;Both ;60;24;16;NSt;Open questions;Dutch;"""A Survey of Unit Testing Practices"", Per Runeson & ""Test Fatigue"", Gerard J. Holzman. in IEEE Software, vol. 37, no. 4, pp. 11-16, July-Aug. 2020";;;;;;;;;;;;;;;;;;;;;;;;;;;;;;;;;;;;X;;X;;;;;;;;;;;;;;;;;;;;;x;;;;
Belgium;EU;KU Leuven;Bachelor in de informatica;Bachelor;https://onderwijsaanbod.kuleuven.be/opleidingen/n/SC_51016742.htm#bl=all;Object-gericht programmeren;1;https://onderwijsaanbod.kuleuven.be/syllabi/n/H01P1AN.htm#activetab=doelstellingen_idm14778000&bl=all;CS;6;Theory;36;32;4;NSt;Project;Dutch;;;;;;;;;;;;;;;;;;;;;;;;;;;;;;;;;;;;;;;;;;;;;;;;;;;;;;;;;;;;x;;;;
Belgium;EU;KU Leuven;Bachelor in de informatica;Bachelor;https://onderwijsaanbod.kuleuven.be/opleidingen/n/SC_51016742.htm#bl=all;Software-ontwerp;3;https://onderwijsaanbod.kuleuven.be/syllabi/n/G0Q40CN.htm#activetab=doelstellingen_idp1557568&bl=all;CS;6;Theory;106;34;68;NSt;Project;Dutch;;;;;;;;;;;;;;;;;;;;;;;;;;;;;;;;;;;;;;;;X;;;;;;;;;;;;;;;;;;;;x;;;;
Belgium;EU;KU Leuven;Bachelor in de industriële wetenschappen;Bachelor;https://onderwijsaanbod.kuleuven.be/opleidingen/n/SC_55503774.htm#bl=all;Objectgerichte softwareontwikkeling;2;https://onderwijsaanbod.kuleuven.be/syllabi/n/T2AOS1N.htm#activetab=doelstellingen_idp2809952&bl=all;CS;3;Both ;36;12;24;NSt;Open questions;Dutch;;;;;;;;;;;;;;;;;;;;;;;;;;;;;;;;;;;;;;;X;;;;;;;;;;;;;;;;;;;;;;;;;
Belgium;EU;KU Leuven;Bachelor in de industriële wetenschappen;Bachelor;https://onderwijsaanbod.kuleuven.be/opleidingen/n/SC_55503774.htm#bl=all;Digital Design Concepts;2;https://onderwijsaanbod.kuleuven.be/syllabi/e/T2VDO2E.htm#activetab=doelstellingen_idm14397168&bl=all;CS;5;Both ;48;24;24;NSt;Project,Open Questions;Dutch;;;;;;;;;;;;;;;;;;;;;;;;;;;;;;;;;;;;;;;;;X;;;;;;;;;;;;;;;;;;;;;;;
Belgium;EU;KU Leuven;Bachelor in de industriële wetenschappen;Bachelor;https://onderwijsaanbod.kuleuven.be/opleidingen/n/SC_55503774.htm#bl=all;Programmeertechnieken;2;https://onderwijsaanbod.kuleuven.be/syllabi/n/T2VPT1N.htm#activetab=doelstellingen_idp247776;CS;6;Both ;72;24;48;NSt;Project,Open Questions;Dutch;;;;;;;;;;;;;;;;;;;;;;;;;;;;;;;;;;;;;;;X;;;;;;;;;;;;;;;;;;;;;;;;;
Belgium;EU;KU Leuven;Bachelor in de industriële wetenschappen;Bachelor;https://onderwijsaanbod.kuleuven.be/opleidingen/n/SC_55503774.htm#bl=all;Software engineering en webtechnologie;3;https://onderwijsaanbod.kuleuven.be/syllabi/e/T3WWW2E.htm#activetab=doelstellingen_idp39808;CB;6;Both ;72;24;48;NSt;Project,Open Questions;Dutch;;;;;;;;;;;;;;;;;;;;;;;;;;;;;;;;;;;;;;;X;;;;;;X;;;;;;;;;;;;;;;;;;;
Italy;EU;Napoli unina;ComputerEngineering;Bachelor;https://www.ingegneria-informatica.unina.it/index.php/it/corsi-di-laurea/laurea-triennale-n46/insegnamenti-n46/2-non-categorizzato/340-insegnamenti-n46-2223;Software Engineering;3;https://www.ingegneria-informatica.unina.it/index.php/it/corsi-di-laurea/laurea-triennale-n46/insegnamenti-n46/14-insegnamenti-l/355-ing-soft;CE;10;Both;80;48;32;NSt;Project;Italian;;X;;;;;;;;;;;;;;X;X;X;X;;;;;;;;X;;;;;X;;;;;;x;X;X;X;;X;;X;;;;;;;;;;;;;;;x;;;;
Italy;EU;Padova unipd;Computer Science;Bachelor;https://www.unipd.it/en/educational-offer/first-cycle-degree/science?tipo=L&scuola=SC&ordinamento=2011&key=SC1167&cg=engineering;Software Engineering;3;https://en.didattica.unipd.it/off/2020/LT/SC/SC1167/000ZZ/SC01103936/N0;CS;12;Both;96;56;40;NSt;Open questions,Homeworks;Italian;;X;;;;;;;;;;;;;;X;X;X;X;;;X;;;;;;;;;;;;;;;X;x;X;X;X;;;;X;;;;;;;;;;;;;;;;;;;
Italy;EU;Genova unige;Computer Science;Bachelor;https://servizionline.unige.it/unige/stampa_manifesto/MF/2022/8759.html;Software Engineering Fundamentals;3;https://corsi.unige.it/off.f/2022/ins/52495?codcla=8759;CS;6;Both;48;N/A;N/A;NSt;Homework,Exercises;Italian;;X;;;;;;;;;;;;;;X;X;;;;;;;;;;;;;;;;;;;;;x;X;X;X;;X;;X;;;;;;;;;;;;;;;;;;;
Italy;EU;Trento unitn;Computer Science;Bachelor;https://offertaformativa.unitn.it/it/l/informatica/cosa-si-studia;Software Engineering;2;https://unitn.coursecatalogue.cineca.it/insegnamenti/2023/95420/2008/9999/10114?annoOrdinamento=2008;CE;12;Both ;96;N/A;N/A;NSt;Discussion;Italian;;X;;;;;;;;;;;;;;;;;;;;;;;;;;;;;;;;;;;;;;;;;;;X;;;;;;;;;;;;;;;;;;;
Italy;EU;Napoli unina;ComputerEngineering;Bachelor;https://www.ingegneria-informatica.unina.it/index.php/it/corsi-di-laurea/laurea-triennale-n46/insegnamenti-n46/2-non-categorizzato/340-insegnamenti-n46-2223;Software Engineering;3;https://www.ingegneria-informatica.unina.it/index.php/it/corsi-di-laurea/laurea-triennale-n46/insegnamenti-n46/14-insegnamenti-l/355-ing-soft;CE;10;Both;80;48;32;NSt;Project;Italian;;X;;;;;X;;;;;;;;;X;X;X;X;X;;;;;;;X;X;;;;X;;;;;X;x;X;X;X;;X;;X;;;;;;;;;;;;X;;;;;;;
Italy;EU;Pisa unipi;Informatica;Bachelor;https://didattica.di.unipi.it/laurea-in-informatica/insegnamenti/lista-dei-corsi/?anno=2022;Software Engineering ;3;"https://esami.unipi.it/esami2/programma.php?noframe=1&c=55542&amp;aa=2022&amp;cid=103&amp;did=13";CS;6;Theory;48;N/A;N/A;NSt;Open questions,Discussion;Italian;;X;;;;;;;;;;;;;;;;;;;;;;;;;X;;;;;;;;;;;;;;;;;;;;;;;;;;;;;;;;;;;;;
Italy;EU;Milano polimi;Computer Engineering;Bachelor;https://www4.ceda.polimi.it/manifesti/manifesti/controller/ManifestoPublic.do?check_params=1&aa=2022&k_corso_la=358&polij_device_category=DESKTOP&__pj0=0&__pj1=b8c4b7fd9a94e3a3c6eac479af9d3889;Software Engineering;3;https://www11.ceda.polimi.it/schedaincarico/schedaincarico/controller/scheda_pubblica/SchedaPublic.do?&evn_default=evento&c_classe=787309&polij_device_category=DESKTOP&__pj0=0&__pj1=e31f38b8c2c534e6139a466744e7642e;CE;7;Both;70;42;28;NSt;Open questions;Italian;;X;;;;;;;;;;;;;;x;;;;;;;;;;;;;;;;;;;;;;;;;;;;;x;;;;;;;;;;;;;;;;;;;
Italy;EU;Genova unige;Computer Science;Bachelor;https://servizionline.unige.it/unige/stampa_manifesto/MF/2022/8759.html;Advanced Programming Techniques;3;https://corsi.unige.it/off.f/2022/ins/52497?codcla=8759;CS;6;Both;48;N/A;N/A;NSt;Exercises,Discussion;Italian;;X;;;;;;;;;;;;;;;;;;;;;;;;;;;;;X;;;;;;;;X;;;;;;X;;;;;;;;;;;;;;;;;;;
Italy;EU;Benevento unisannio;Computer Engineering;Bachelor;https://www.ding.unisannio.it/offdidattica/corsi-di-laurea/ingegneria-informatica-863;Software Engineering;3;https://unisannio.coursecatalogue.cineca.it/insegnamenti/2022/5091/2018/9999/10050?coorte=2020&schemaid=1438;CE;9;Both ;72;N/A;N/A;NSt;Project,Discussion;Italian;;X;;;;;;;;;;;;;;;;;;;;;;;;;;;;;;;;;;;X;;X;;;;;;X;;;;;;;;;;;;;;;;;;;
Italy;EU;Napoli unina;ComputerEngineering;Bachelor;https://www.ingegneria-informatica.unina.it/index.php/it/corsi-di-laurea/laurea-triennale-n46/insegnamenti-n46/2-non-categorizzato/340-insegnamenti-n46-2223;Software Engineering;3;https://www.ingegneria-informatica.unina.it/index.php/it/corsi-di-laurea/laurea-triennale-n46/insegnamenti-n46/14-insegnamenti-l/355-ing-soft;CE;10;Both;80;48;32;NSt;Project,Discussion;Italian;;X;;;;;X;;;;;;;;;X;X;X;X;X;;;;;;;X;X;;;;X;;;;;X;x;X;X;X;;X;;X;;;;;;;;;;;;X;;;;;;;
Italy;EU;Milano polimi;Computer Engineering;Bachelor;https://www4.ceda.polimi.it/manifesti/manifesti/controller/ManifestoPublic.do?check_params=1&aa=2022&k_corso_la=358&polij_device_category=DESKTOP&__pj0=0&__pj1=b8c4b7fd9a94e3a3c6eac479af9d3890;Software Engineering;3;https://www11.ceda.polimi.it/schedaincarico/schedaincarico/controller/scheda_pubblica/SchedaPublic.do?&evn_default=evento&c_classe=787309&polij_device_category=DESKTOP&__pj0=0&__pj1=e31f38b8c2c534e6139a466744e7642e;CE;7;Both;70;42;28;NSt;Open questions;Italian;;X;;;;;;;;;;;;;;X;;;;;;;;;;;;;;;;;;;;;;;;;;;;;X;;;;;;;;;;;;;;;;;;;
Italy;EU;Milano polimi;Computer Engineering;Bachelor;https://www4.ceda.polimi.it/manifesti/manifesti/controller/ManifestoPublic.do?check_params=1&aa=2022&k_corso_la=358&polij_device_category=DESKTOP&__pj0=0&__pj1=b8c4b7fd9a94e3a3c6eac479af9d3891;Software Engineering;3;https://www11.ceda.polimi.it/schedaincarico/schedaincarico/controller/scheda_pubblica/SchedaPublic.do?&evn_default=evento&c_classe=787309&polij_device_category=DESKTOP&__pj0=0&__pj1=e31f38b8c2c534e6139a466744e7642e;CE;7;Both;70;42;28;NSt;Open questions;Italian;;X;;;;;;;;;;;;;;X;;;;;;;;;;;;;;;;;;;;;;;;;;;;;X;;;;;;;;;;;;;;;;;;;
Italy;EU;Salerno unisa;Computer Science;Bachelor;https://corsi.unisa.it/05121/didattica/insegnamenti;Software Engineering;3;https://docenti.unisa.it/004724/didattica?anno=2023&id=507546&cId=9999-2017&pId=MODULO_3*RESTO_2*S1;CS;9;Both ;72;N/A;N/A;NSt;Project,Discussion;Italian;;X;;;;;;;;;;;;;;X;;;;;;;;;;;;;;;;;;;;;X;x;X;X;X;;;;z;;;;;;;;;;;;;;;;;;;
Italy;EU;Napoli unina;Computer Science;Bachelor;https://informatica.dieti.unina.it/index.php/it/laurea-triennale/insegnamenti;Software Engineering;3;https://informatica.dieti.unina.it/index.php/it/laurea-triennale/insegnamenti/41-laurea-triennale/insegnamenti-lt/25-ingegneria-del-software-i;CS;10;Both;80;N/A;N/A;NSt;Open questions,Project;Italian;;X;;;;;;;;;;;;;;X;;;;;;;;;;;;;;;;;;;;;X;x;X;X;X;;;;X;;;;;;;;;;;;;;;;;;;
Italy;EU;Milano Bicocca unimib;Computer Science;Bachelor;https://elearning.unimib.it/course/index.php?categoryid=8693;Software Analysis and Design;2;https://elearning.unimib.it/course/info.php?id=43170#en;CS;8;Both;76;N/A;N/A;NSt;Homework,Exercises,Discussion;Italian;;X;;;;;;;;;;;;;;;;;;;;;;;;;;;;;;;;;;;;x;;;;;;;X;;;;;;;;;;;;;;;;;;;
Italy;EU;Salerno unisa;Computer Science;Bachelor;https://corsi.unisa.it/05121/didattica/insegnamenti;Ingegneria, Gestione ed Evoluzione del Software;3;https://docenti.unisa.it/003241/didattica?anno=2021&id=511226&cId=10000-2016&pId=N0*N0*S2;CS;9;Both ;72;N/A;N/A;NSt;Project,Discussion;Italian;;X;;;;;;;;;;;;;;X;;;;;;;;;;;;;;;;;;;;;;x;;;;;;;X;;;;;;;;;;;;;;;;;;;
Italy;EU;Salerno unisa;Computer Science;Master;https://corsi.unisa.it/informatica-magistrale/en/home;Software Dependability;2;https://docenti.unisa.it/029186/didattica?anno=2023&id=512708&cId=10006-2016&pId=N0*N0*S1;CS;9;Both;N/A;N/A;N/A;NSt;Project,Discussion;N/A;;X;;;;;;;;;;;;;;X;;;;;;;;;;;;;;;X;;;;;;X;x;;;;;;;X;;;;;;;;;X;;;;;;;;;;
Italy;EU;Milano unimi;Computer Science;Master;https://www.unimi.it/it/corsi/laurea-magistrale/informatica-magistrale;Verifica e Convalida del Software;1;https://www.unimi.it/it/corsi/insegnamenti-dei-corsi-di-laurea/2024/verifica-e-convalida-del-software;CS;6;Both;N/A;N/A;N/A;ST;Discussion;N/A;N/A;X;;;;;;;;;;;;;;X;;;;;;;;;;;;X;;;;;;;;;X;x;X;;;;X;;X;;;;;;;;;;;;;;;;;;;
Italy;EU;Milano unimi;Computer Science;Bachelor;https://www.unimi.it/en/education/computer-science;Software Engineering;3;https://www.unimi.it/it/corsi/insegnamenti-dei-corsi-di-laurea/2024/ingegneria-del-software;CE;12;Both;120;72;48;NSt;N/A;Italian;;;;;;;;;;;;;;;;;;;;;;;;;;;;;;;;;;;;;;;X;X;X;;;;X;;;;;;;;;;;;;;;;;;;
Italy;EU;Firenze unifi;Computer Science;Bachelor;https://www.informatica.unifi.it/p-cor2-2022-101227-B032-GEN-1-0.html;Programming Methodologies;2;https://www.unifi.it/p-ins2-2022-588206-1.html;CS;9;Both;72;N/A;N/A;NSt;Homework,Discussion;Italian;;X;;;;;;;;;;;;;;X;;;;;;;;;;;;X;;;;;;;;;X;;X;;;;;;X;;;;;;;;;;;;;;;;;;;
Portugal;EU;Faculty of Engineering, University of Porto ;Bachelor in Informatics and Computing Engineering;Bachelor;https://sigarra.up.pt/feup/en/cur_geral.cur_view?pv_curso_id=22841&pv_ano_lectivo=2022;Software Design and Testing Laboratory ;2;https://sigarra.up.pt/feup/en/UCURR_GERAL.FICHA_UC_VIEW?pv_ocorrencia_id=520319;CE;6;Both;52;26;26;NSt;Closed Questions,Project;English;;;;;;;;;;;;;;;;x;;;;;;;;;;x;;;;;;;;;;;;;x;;;;;;;;;;;;;;;;;;;;;;;;;
Portugal;EU;Faculty of Engineering, University of Porto ;Bachelor in Informatics and Computing Engineering;Bachelor;https://sigarra.up.pt/feup/en/cur_geral.cur_view?pv_curso_id=22841&pv_ano_lectivo=2022;Software Engineering ;2;https://sigarra.up.pt/feup/en/UCURR_GERAL.FICHA_UC_VIEW?pv_ocorrencia_id=520322;CE;6;Both;52;26;26;NSt;Open questions,Project;Portuguese;;X;;;;;;;;;;;;;x;;;;;;;;;;;;;;;;x;;;;;;;;x;x;x;;x;;;;;;;;;;;;;;;;;;;;;
Spain;EU ;Uni Sevilla;Computer science;Bachelor;https://www.us.es/estudiar/que-estudiar/oferta-de-grados/grado-en-ingenieria-informatica-ingenieria-del-software#edit-group-plani;Design and Testing I;3;https://sevius4.us.es/index.php?PyP=LISTA&codcentro=3&titulacion=205&asignatura=2050048;CS;6;Both;60;36;24;NSt;Exercises,project;Spanish;no books of testing in the bibliograpry;;;;;;;;;;;;;;;;;;;;;;;;;;;;;;;;;;;;;;;;;;;;;;;;;;;;;;;;;;;x;;;;
Spain;EU ;Uni Sevilla;Computer science;Bachelor;https://www.us.es/estudiar/que-estudiar/oferta-de-grados/grado-en-ingenieria-informatica-ingenieria-del-software#edit-group-plani;Desing and Testing II;3;https://sevius4.us.es/index.php?PyP=LISTA&codcentro=3&titulacion=205&asignatura=2050049;CS;6;Both;60;36;24;NSt;Exercises,project;Spanish;no books of testing in the bibliograpry;;;;;;;;;;;;;;;;;;;;;;;;;;;;;;;;;;;;;;;;;;;;x;;;;;;;;;x;;;;;;;;;;
Spain;EU ;Univ. Castilla La Mancha;Computer science;Bachelor;https://www.uclm.es/estudios/grados/ingenieria-informatica;Software engineering II;3;https://guiae.uclm.es/vistaGuia/406/42324/2022-23;CS;6;both;60;36,75;23,25;NSt;Exercises,Discussion;Spanish;Burnstein, Ilene Practical software testing: a process-oriented approach   Springer 0-387-95131-8 2003. Gregory, Janet More agile testing: learning journeys for the whole team /   Addison-Wesley 978-0-321-96705-3 2015.  Kaner, Cem Testing computer software   John Wiley & Sons, 0-471-35846-0 1999 ;;;;;;;;;;;;;;;;;;;;;;;;;x;;;;;;;;;;;;x;;;;;;x;;;;;;;;;;;;;;;;;;;;
Spain;EU ;Univ. Castilla La Mancha;Computer science;Bachelor;https://www.uclm.es/estudios/grados/ingenieria-informatica;Software engineering II;3;https://guiae.uclm.es/vistaGuia/406/42324/2022-23;CS;6;both;60;36,75;23,25;NSt;Exercises,Discussion;Spanish;Burnstein, Ilene Practical software testing: a process-oriented approach   Springer 0-387-95131-8 2003. Gregory, Janet More agile testing: learning journeys for the whole team /   Addison-Wesley 978-0-321-96705-3 2015.  Kaner, Cem Testing computer software   John Wiley & Sons, 0-471-35846-0 1999 ;;;;;;;;;;;;;;;;;;;;;;;;;x;;;;;;;;;;;;x;;;;;;x;;;;;;;;;;;;;;;;;;;;
Spain;EU;Universidad Carlos III;Computer Science;Bachelor;https://www.uc3m.es/grado/estudios;Software Development;2;https://aplicaciones.uc3m.es/cpa/generaFicha?est=218&plan=489&asig=18179&idioma=1;CS;6;both;60;40;20;NSt;Exercises,Open Questions,Discussion;Spanish/English;Beck, Ken, et al.. Test-Driven Development By Example. , Three Rivers Institute., 2002.      Lee Copeland. A Practitioner's Guide to Software Test Design., Artech House Publishers, 2003;;;;;;;;;;;;;;;x;;;;;;;;;;;;;;;;;;;;;x;x;x;;;;;;x;;;;;;;;;;;;;;;;;;;
Spain;EU;Universidad de Granada;Computer Science;Bachelor;https://www.ugr.es/estudiantes/grados/grado-ingenieria-informatica;Software Development;3;https://www.ugr.es/estudiantes/grados/grado-ingenieria-informatica/desarrollo-software-eingenieria-software/guia-docente;CS;6;both;105;30;75;NSt;Exercises,project,Discussion;Spanish;Daniel Galin. Software Quality. Wiley-IEEE Computer Society Press, 2018.;;;;;;;;;;;;;;;;;;;;;;;;;x;;;;;;;;;;;x;x;;;;;;x;;;;;;;;;;;;;;;;;;;;
Spain;EU;Universitat Autonoma de Barcelona;Computer Science;Bachelor;https://www.uab.cat/web/estudiar/listado-de-grados/plan-de-estudios/plan-de-estudios-y-horarios/ingenieria-informatica-1345467893054.html?param1=1263367146646;Software Engineering;2;https://guies.uab.cat/guies_docents/public/portal/html/2023/assignatura/102743/es;CS;6;both;60;30;30;NSt;Project,Open Questions;Spanish;no books of testing in the bibliograpry;;;;;;;;;;;;;;;;;;;;;;;;;x;;;;;;;;;;;;x;;;;;;;;;;;;;;;;;;;;;;;;;;
Spain;EU;Universitat Autonoma de Barcelona;Computer Science;Bachelor;https://www.uab.cat/web/estudiar/listado-de-grados/plan-de-estudios/plan-de-estudios-y-horarios/ingenieria-informatica-1345467893054.html?param1=1263367146646;Test and software Quality;3;https://guies.uab.cat/guies_docents/public/portal/html/2023/assignatura/102758/es;CS;6;both;84;48;36;ST;Homework,Discussion;Catalá;"[1] A Software Testing Primer: an Introduction to Software Testing. Nick Jenkins. http://www.nickjenkins.net
[1,2,3,5,6] Manage Software Testing. Peter Farrell-Vinay. Auerbach Publications, 2008. [1,3,4] A practitioner's guide to software testing. Lee Copeland, 2004.
[4] How to break software: a practical guideto testing. James A. Whittaker. Addison Wesley, 2003.
EL libro sobre prueba exploratoria.
[5] Pragmatic Unit Testingin Java with Junit. Andy Hunt, Dave Thomas.The Pragmatic Programmer, 2003. [6] IEEE Standard for Software and System Test Documentation IEEE Std82-2008. IEEE Computer Society, 2008.
[6] Systematic Software Testing by. RickD. Craig, Stefan P.Jaskiel. ArtechHouse, 2002.";X;x;;x;;X;x;;x;;x;;;;x;;;;;;;;;;;;;x;;;;;;;;x;x;x;x;x;x;x;;x;;;;;;;;;x;;;;;;x;;;;
Spain;EU ;Universidad de Zaragoza;Computer Science;Bachelor;https://estudios.unizar.es/estudio/asignatura?anyo_academico=2023&asignatura_id=30222&estudio_id=20230148&centro_id=110&plan_id_nk=439;Software Engineering;3;https://sia.unizar.es/doa/consultaPublica/look[conpub]MostrarPubGuiaDocAs?entradaPublica=true&idiomaPais=es.ES&_anoAcademico=2023&_codAsignatura=30222;CS;6;both;60;30;30;NSt;Exercises,Discussion;Spanish;no books of testing in the bibliograpry;;;;;;;;;;;;;;;;;;;;;;;;;;;;;;;;;;;;;x;;;;;;;;;;;;;;;;;;;;;;;;;;
Spain;EU ;Universidad de Zaragoza;Computer Science;Bachelor;https://estudios.unizar.es/estudio/asignatura?anyo_academico=2023&asignatura_id=30222&estudio_id=20230148&centro_id=110&plan_id_nk=439;Validation and Verification;3;https://sia.unizar.es/doa/consultaPublica/look[conpub]MostrarPubGuiaDocAs?entradaPublica=true&idiomaPais=es.ES&_anoAcademico=2023&_codAsignatura=30244;CS;6;both;60;30;30;ST;Exercises,Discussion;spanish;no books of testing in the bibliograpry;;;;;;;;;;;;;;;;;;;;;;;;;;;;;;;;;;;;x;x;;;;;;;;;;;;;;;;;;;;;x;;;;;
Spain;EU;Universidad del Pais Vasco;Computer Science;Bachelor;https://www.ehu.eus/es/web/graduak/grado-ingenieria-informatica;Software Engineering II;03-gen;https://www.ehu.eus/es/web/graduak/grado-ingenieria-informatica/creditos-y-asignaturas?p_redirect=consultaAsignatura&p_cod_proceso=egr&p_anyo_acad=20230&p_ciclo=X&p_curso=X&p_cod_asignatura=26215;CS;6;both;60;40;20;NSt;Project,Discussion;Spanish/Euskera;JUnit in action second Edition. P. Tahchiev, F. Leme, V. Massol, G.Gregory. Manning Pres. 2011.;;;;;;;;;;;;;;;;;;;;;;;;;x;;;;;;;;;;;;x;;;;;;;;;;;;;;;;;;;;;;;;;;
Spain;EU;Universidad Complutense de Madrid;Computer Science;Bachelor;https://www.ucm.es/estudios/grado-ingenieriainformatica-estudios-estructura;Software Testing;3;https://web.fdi.ucm.es/UCMFiles/pdf/FICHAS_DOCENTES/2023/8181.pdf;CS;6;both;60;30;30;ST;Exercises;Spanish / English;"Básica
P. Ammann and J. Offutt. Introduction to Software Testing (2nd edition). Cambridge University Press, 2016.
Complementaria
R. Biering, S.Brown, E.Galván, J. Timoney. Essentials of Software Testing. Cambridge University Press, 2022. R. M. Hierons, J. P. Bowen and M. Harman. Formal Methods and Testing. Springer, 2008.
G. J. Myers, C. Sandler, T. Badgett. The Art of Software Testing (3rd edition). John Wiley & Sons, 2011.
M. Utting and B. Legeard. Practical Model-Based Testing: A Tools Approach. Morgan-Kaufmann, 2007";X;;;;;;;;;;;;x;;;;;;;;;;;;;x;;;;;;;;;;x;;x;;;;;;;;;;;;;;;;;;;;;;;;;
Spain;EU;Universidad de Málaga;Computer Science;Bachelor;https://www.uma.es/grado-en-ingenieria-informatica;Introduction to Software Engineering ;1;https://sara.uma.es/ht/2023/ProgramasAsignaturas_Titulacion_5389_AsigUMA_55156.pdf;CS;6;both;60;N/A;N/A;NSt;Exercises;Spanish;"Unit Testing. Principles, Practices, and Patterns; V. Khorikov; Manning; 2020.   Complementaria
Test-Driven Development By Example; K. Beck; Addison-Wesley; 2002
The Art of Software Testing, 3rd edition; G.J. Myers, C. Sandler, T. Badgett; Wiley; 2012";;;;;;;;;;;;;;;;;;;;;;;;;;;;;;;;;;;;;x;x;;;;;;;;;;;;;;;;;;;;;x;;;;
Spain;EU;Universitat de Alacant;Computer Science;Bachelor;https://web.ua.es/es/grados/grado-en-ingenieria-informatica/plan-de-estudios.html;Planning and Testing of Software Systems;3;https://cvnet.cpd.ua.es/Guia-Docente/GuiaDocente/Index?wcodest=C203&wcodasi=34027&wlengua=es&scaca=2023-24#;CS;6;both;60;30;30;ST;Exam;Spanish;Software testing : a craftman`s approach. 978-1-4665-6068-0.                      Java Power Tools ISBN: 978-0-596-52793-8;X;x;;;;;;;x;x;;;;;;;;;;;;;;;;;;;;;;;;;;x;;x;x;x;x;x;;x;;;;;;;;;x;;;;;;x;;;;
Spain;EU;Universidad Autónoma de Madrid;Computer Science;Bachelor;https://www.uam.es/uam/informatica;Software Engineering;3;https://secretaria-virtual.uam.es/doa/consultaPublica/look[conpub]MostrarPubGuiaDocAs;CS;6;both;60;30;30;NSt;Exercises,Discussion;Spanish;Daniel Bolaños, Almudena Sierra, Idoia Alarcón. Pruebas de software y JUnit. Un análisis en profundidad y ejemplos prácticos. Pearson Education. 2007.;;;;;;;;;;;;;;;;;;;;;;;;;x;;;;;;;;;;;;x;;;;;;x;;;;;;;;;;;;;;;;;;;;
Spain;EU;Universidad de Alcalá;Computer Science;Bachelor;https://www.uah.es/es/estudios/estudios-oficiales/grados/asignaturas/index.html?codPlan=G781;Software Engineering;1;blob:https://www.uah.es/0551c936-fe3a-4ce9-a7f0-914aef033a33;CS;6;both;60;N/A;N/A;NSt;Homework,Project,Discussion;Spanish;no books of testing in the bibliograpry;;;;;;;;;;;;;;;;;;;;;;;;;x;;;;;;;;;;;;x;;;;;;x;;;;;;;;;;;;;;;;;;;;
Spain;EU;Universidad Rey Juan Carlos;Computer Science;Bachelor;https://www.urjc.es/estudios/grado/640-ingenieria-software;Software Quality;3;https://gestion3.urjc.es/guiasdocentes/mostrarGuias.jsp#;CS;6;both;60;30;30;NSt;Open questions,Project;Spanish;no books of testing in the bibliograpry;;;;;;;;;;;;;;;;;;;;;;;;;x;;;;;;;;;;;;;x;x;;;;x;;;;;;;;;;;;;;;;x;;;;
Spain;EU;Universidad de Murcia;Computer Science;Bachelor;https://www.um.es/web/estudios/grados/informatica/plan-guias;Software Quality;4;https://aulavirtual.um.es/umugdocente-tool/htmlprint/guia/RBn0GJaylPMUPDCLzcjSgaTPIMy6IMb8aVG5pEoVfzeShjhJFSc;CS;6;both;60;30;30;NSt;Exercises,Discussion;Spanish;"Bierig, R., Brown, S., Galván, E., & Timoney, J. (2021). Essentials of Software Testing. Cambridge: Cambridge University Press. doi:10.1017/9781108974073.           
                                           Kent Beck. ""Test-Driven Development By Example"". Addison Wesley. 2003.                     Glenford J. Myers. ""The Art of Software Testing"". 3rd edition. John Wiley & Sons, Inc. 2012.                                David Astels. ""Test driven development: a practical guide"". Prentice Hall. 2003.";;;;;;;;;;;;;;;;;;;;;;;;;x;;;;;;;;;;;;x;x;x;x;;x;;;;;;;;;;;;;;;;;x;;;;
Italy;EU;Bergamo unibg;Computer Engineering;Bachelor;https://didattica-rubrica.unibg.it/ugov/degree/2021;Software Engineering;3;https://didattica-rubrica.unibg.it/ugov/degreecourse/76765;CE;9;both;N/A;N/A;N/A;NSt;Open questions,Project,Discussion;Italian;;;;;;;;;;;;;;;;;;;;;;;;;;;;;;;;;;;;;;;;;;;;;X;;;;;;;;;;;;;;;;;;;
Italy;EU;Bergamo unibg;Computer Engineering;Master;https://didattica-rubrica.unibg.it/ugov/degree/2021;Testing e Verifica del Software;2;https://didattica-rubrica.unibg.it/ugov/degreecourse/94266;CE;6;both;48;N/A;N/A;ST;Exercises,open questions,Project,Discussion;Italian;Mauro Pezzè and Michal Young, Software Testing and Analysis, process, principle and techniques, John Wiley 2007;X;X;;;;X;;;;;;;;;X;;;;;;;;;;;X;;;;;;;;;;X;;;;;;;;X;;;;;;;;;;;;;;;;;;;
Italy;EU;Unicampania;Computer and Electronic Engineering;Bachelor;https://www.ingegneria.unicampania.it/didattica/corsi-di-studio/ingegneria-elettronica-e-informatica#piani-di-studio-ita-eng;Software Engineering;3;https://www.ingegneria.unicampania.it/dipartimento/docenti?MATRICOLA=083762&COD_UNITA=A13060&COD_ATTIVITA=A13060&CODICE_PARTIZIONE=N0&AA_OFFERTA=2021&SETTORE=ING-INF/05&CFU=6.00&COD_CORSO_STUDIO=A13;CE;6;both;N/A;N/A;N/A;NSt;Project,Discussion;Italian;;;;;;;;;;;;;;;;X;;;;;;;;;;;;;;;;X;;;;;;x;X;X;X;;X;;X;;;;;;;;;;;;;;;;;;;
Italy;EU;Molise unimol;Computer Science;Bachelor;https://www2.dipbioter.unimol.it/informatica/piano-di-studio/;Software Engineering;3;https://unimol.esse3.cineca.it/AttivitaDidatticaContestualizzata.do?ad_id=31309477&cds_id=10018&pds_id=9999&aa_ord_id=2017&aa_off_id=2023&cod_lingua=ita;CS;9;both;N/A;N/A;N/A;NSt;N/A;Italian;;X;X;;X;;;;;;;;;;;;;;;;;;;;;;;;;;;;;;;;;;;;;;;;X;;;;;;;;;;;;;;;;;;;
Italy;EU;Brescia unibs;Computer Engineering;Bachelor;https://corsi.unibs.it/sites/cdl/files/2023-05/INFLT_Offerta%20Didattica_2023-2024.pdf;Software Engineering;3;https://unibs.coursecatalogue.cineca.it/insegnamenti/2023/703019/2011/2455/83;CE;9;both;N/A;N/A;N/A;NSt;Open questions,Discussion;Italian;;;;;;;;;;;;;;;;;;;;;;;;;;;;;;;;;;;;;;;X;X;;;X;;X;;;;;;;;;;;;;;;;;;;
Italy;EU;Modena unimore;Computer Science;Bachelor;https://offertaformativa.unimore.it/corso/insegnamenti?cds_cod=20-212&pds_cod=0&coorte=2023&durata=3&aa_off_id=0&anno_corrente=2023;Software Engineering;3;https://personale.unimore.it/rubrica/contenutiad/fguerra/2023/67330/N0/N0/9999;CE;9;both;N/A;N/A;N/A;NSt;Open questions,Exercises,Project;Italian;;X;;;X;;;;;;;;;;;X;;;X;;;;;;;;;;;;;;;;;;X;;X;;;;;;X;;;;;;;;;;;;;;;;;;;
Portugal;EU;Faculty of Engineering, University of Porto ;Bachelor in Informatics and Computing Engineering;Bachelor;https://sigarra.up.pt/feup/en/cur_geral.cur_view?pv_curso_id=22841&pv_ano_lectivo=2023;Programming;1;https://sigarra.up.pt/feup/en/ucurr_geral.ficha_uc_view?pv_ocorrencia_id=520314;CE;6;Both;52;26;26;NSt;Exercises,Discussion;Suitable for English-speaking students;;;;;;;;;;;;;;;;;;;;;;;;;;;;;;;;;;;;;;;X;;;;;;;;;;;;;;;;;;;;;;;;;
Portugal;EU;University of Lisbon;"Master Programme in Informatics Engineering
Master Programme in Informatics
Master Programme in Information Security";Master;https://fenix.ciencias.ulisboa.pt/degrees/seguranca-informatica-564500436615446;Software Verification and Validation;1;https://fenix.ciencias.ulisboa.pt/degrees/seguranca-informatica-564500436615446/disciplina-curricular/2253530685505874;CS;6;Both ;49;28;21;ST;Projects;N/A;"Recommended Bibliography
Paul Ammann, Jeff Offutt (2016) Introduction to Software Testing, 2nd Edition ISBN: 978-1-107-17201-2
Optional Bibliography
Petar Tahchiev, Felipe Leme, Vincent Massol, and Gary Gregory (2010) JUnit 4.8 In Action, 2nd edition ISBN: 978-1-935-18202-3
Tomek Kaczanowski (2019) Practical Unit Testing with JUnit and Mockito ISBN: 978-8-393-48939-8
Gordon Fraser and José Miguel Rojas (2019) Software Testing ISBN: 978-3-030-00262-6
Gerard Meszaros (2007) xUnit Test Patterns: Refactoring Test Code ISBN: 978--0131495050";X;x;;;x;;;;x;;;;x;;x;x;x;;;;;x;;;;;;;;;;;x;;;x;;x;x;x;;;;;;;;;;;;;;;;;;;;;;;
Portugal;EU;Universidade Nova de Lisboa;Bachelor in Computer Science and Engineering;Bachelor;https://guia.unl.pt/en/2021/fct/program/1053#structure;Object Oriented Programming;1;https://guia.unl.pt/en/2021/fct/program/1053/course/11153;CE;9;Both ;60;N/A;N/A;NSt;Exercises,Project;Portuguese;;;;;;;;;;;;;;;;;;;;;;;;;;;;;;;;;;;;;;;x;;;;;;;;;;;;;;;;;;;;;;;;;
Portugal;EU;Universidade Nova de Lisboa;Bachelor in Computer Science and Engineering;Bachelor;https://guia.unl.pt/en/2021/fct/program/1053#structure;Software Engineering;3;https://guia.unl.pt/en/2021/fct/program/1053/course/12660#subject;CE;9;Both ;N/A;N/A;N/A;NSt;Exercises,Project;Portuguese;;;;;;;;;;;;;;;;;;;;;;;;;;;;;;;x;;;;;;;;x;x;;;x;;;;;;;;;;;x;;;;;;;;;;
Portugal;EU;Universidade Nova de Lisboa;Master in Computer Science and Engineering;Master;https://guia.unl.pt/en/2021/fct/program/1059;Software Construction and Verification;1;https://guia.unl.pt/en/2021/fct/program/1059/course/11159#general-characterization;CE;6;Both ;52;N/A;N/A;NSt;Exercises,Project;Portuguese;;;;;;;;;;;;;;;;x;;;;;;;;;;;x;;;;;;;;;;X;;;;;;;;;;;;;;;;;;;;;;;;;;;
117;117;117;117;117;117;117;117;117;117;117;117;116;117;117;117;117;117;45;117;12;1;8;3;8;6;2;8;1;1;4;2;4;117;14;11;11;6;4;4;5;2;0;16;12;9;4;1;9;4;0;3;2;0;35;36;61;32;28;4;19;11;48;1;0;0;0;0;0;0;0;10;0;0;2;11;2;14;;;;
;;;;;;;;;;;;;;;;;;;;;;;;;;;;;;;;;;;;;;;;;;;;;;;;;;;;;;;;;;;;;;;;;;;;;;;;;;;;;;;;;
